{
    "accuracy": 0.17647058823529413,
    "precision": 0.35294117647058826,
    "recall": 0.17647058823529413,
    "f1": 0.23529411764705882,
    "confusion_matrix": [
        [
            3,
            6,
            1
        ],
        [
            0,
            0,
            0
        ],
        [
            2,
            5,
            0
        ]
    ]
}